-- Migration: 000027 — seed 012_dnd_2024_optional_features
BEGIN;

-- Generated by tools/optional_feature_generator.py
-- Source: /home/lucaslima/Projetos/container-lucas/sql/backup/optional features.json
-- Optional features modeled as traits linked to classes or subclasses.

CREATE TEMP TABLE _import_optional_trait_data (
    trait_name TEXT PRIMARY KEY,
    description TEXT
) ON COMMIT DROP;

INSERT INTO _import_optional_trait_data (trait_name, description) VALUES
    ('Eldritch Invocation: Agonizing Blast', 'Choose one of your known Warlock cantrips that deals damage. You can add your Charisma modifier to that spell''s damage rolls. Prerequisites: Lvl 2, Warlock Cantrip That Deals Damage Repeatable: You can gain this feature more than once when rules allow.'),
    ('Eldritch Invocation: Armor of Shadows', 'You can cast Mage Armor on yourself without expending a spell slot.'),
    ('Eldritch Invocation: Ascendant Step', 'You can cast Levitate on yourself without expending a spell slot. Prerequisites: Lvl 5'),
    ('Eldritch Invocation: Devil''s Sight', 'You can see normally in Dim Light and Darkness—both magical and nonmagical—within 120 feet of yourself. Prerequisites: Lvl 2'),
    ('Eldritch Invocation: Devouring Blade', 'The Extra Attack of your Thirsting Blade invocation confers two extra attacks rather than one. Prerequisites: Lvl 12, Thirsting Blade'),
    ('Eldritch Invocation: Eldritch Mind', 'You have Advantage on Constitution saving throws that you make to maintain Concentration.'),
    ('Eldritch Invocation: Eldritch Smite', 'Once per turn when you hit a creature with your pact weapon, you can expend a Pact Magic spell slot to deal an extra 1d8 Force damage to the target, plus another 1d8 per level of the spell slot, and you can give the target the Prone condition if it is Huge or smaller. Prerequisites: Lvl 5, Pact of the Blade'),
    ('Eldritch Invocation: Eldritch Spear', 'Choose one of your known Warlock cantrips that deals damage and has a range of 10+ feet. When you cast that spell, its range increases by a number of feet equal to 30 times your Warlock level. Prerequisites: Lvl 2, Warlock Cantrip That Deals Damage Repeatable: You can gain this feature more than once when rules allow.'),
    ('Eldritch Invocation: Fiendish Vigor', 'You can cast False Life on yourself without expending a spell slot. When you cast the spell with this feature, you don''t roll the die for the Temporary Hit Points; you automatically get the highest number on the die. Prerequisites: Lvl 2'),
    ('Eldritch Invocation: Gaze of Two Minds', 'You can use a Bonus Action to touch a willing creature and perceive through its senses until the end of your next turn. As long as the creature is on the same plane of existence as you, you can take a Bonus Action on subsequent turns to maintain this connection, extending the duration until the end of your next turn. The connection ends if you don''t maintain it in this way. While perceiving through the other creature''s senses, you benefit from any special senses possessed by that creature, and you can cast spells as if you were in your space or the other creature''s space if the two of you are within 60 feet of each other. Prerequisites: Lvl 5'),
    ('Eldritch Invocation: Gift of the Depths', 'You can breathe underwater, and you gain a Swim Speed equal to your Speed. You can also cast Water Breathing once without expending a spell slot. You regain the ability to cast it in this way again when you finish a Long Rest. Prerequisites: Lvl 5'),
    ('Eldritch Invocation: Gift of the Protectors', 'A new page appears in your Book of Shadows when you conjure it. With your permission, a creature can take an action to write its name on that page, which can contain a number of names equal to your Charisma modifier (minimum of one name). When any creature whose name is on the page is reduced to 0 Hit Points but not killed outright, the creature magically drops to 1 Hit Point instead. Once this magic is triggered, no creature can benefit from it until you finish a Long Rest. As a Magic action, you can erase a name on the page by touching it. Prerequisites: Lvl 9, Pact of the Tome'),
    ('Eldritch Invocation: Investment of the Chain Master', 'When you cast Find Familiar, you infuse the summoned familiar with a measure of your eldritch power, granting the creature the following benefits. Prerequisites: Lvl 5, Pact of the Chain Aerial or Aquatic: The familiar gains either a Fly Speed or a Swim Speed (your choice) of 40 feet.'),
    ('Eldritch Invocation: Lessons of the First Ones', 'You have received knowledge from an elder entity of the multiverse, allowing you to gain one Origin feat of your choice. Prerequisites: Lvl 2 Repeatable: You can gain this feature more than once when rules allow.'),
    ('Eldritch Invocation: Lifedrinker', 'Once per turn when you hit a creature with your pact weapon, you can deal an extra 1d6 Necrotic, Psychic, or Radiant damage (your choice) to the creature, and you can expend one of your Hit Point Dice to roll it and regain a number of Hit Points equal to the roll plus your Constitution modifier (minimum of 1 Hit Point). Prerequisites: Lvl 9, Pact of the Blade'),
    ('Eldritch Invocation: Mask of Many Faces', 'You can cast Disguise Self without expending a spell slot. Prerequisites: Lvl 2'),
    ('Eldritch Invocation: Master of Myriad Forms', 'You can cast Alter Self without expending a spell slot. Prerequisites: Lvl 5'),
    ('Eldritch Invocation: Misty Visions', 'You can cast Silent Image without expending a spell slot. Prerequisites: Lvl 2'),
    ('Eldritch Invocation: One with Shadows', 'While you''re in an area of Dim Light or Darkness, you can cast Invisibility on yourself without expending a spell slot. Prerequisites: Lvl 5'),
    ('Eldritch Invocation: Otherworldly Leap', 'You can cast Jump on yourself without expending a spell slot. Prerequisites: Lvl 2'),
    ('Eldritch Invocation: Pact of the Blade', 'As a Bonus Action, you can conjure a pact weapon in your hand—a Simple or Martial Melee weapon of your choice with which you bond—or create a bond with a magic weapon you touch; you can''t bond with a magic weapon if someone else is attuned to it or another Warlock is bonded with it. Until the bond ends, you have proficiency with the weapon, and you can use it as a Spellcasting Focus. Whenever you attack with the bonded weapon, you can use your Charisma modifier for the attack and damage rolls instead of using Strength or Dexterity; and you can cause the weapon to deal Necrotic, Psychic, or Radiant damage or its normal damage type. Your bond with the weapon ends if you use this feature''s B...'),
    ('Eldritch Invocation: Pact of the Chain', 'You learn the Find Familiar spell and can cast it as a Magic action without expending a spell slot. When you cast the spell, you choose one of the normal forms for your familiar or one of the following special forms: Imp, Pseudodragon, Quasit, Skeleton, Slaad Tadpole, Sphinx of Wonder, Sprite, or Venomous Snake (see appendix B for the familiar''s stat block). Additionally, when you take the Attack action, you can forgo one of your own attacks to allow your familiar to make one attack of its own with its Reaction.'),
    ('Eldritch Invocation: Pact of the Tome', 'Stitching together strands of shadow, you conjure forth a book in your hand at the end of a Short or Long Rest. This Book of Shadows (you determine its appearance) contains eldritch magic that only you can access, granting you the benefits below. The book disappears if you conjure another book with this feature or if you die. Cantrips and Rituals: When the book appears, choose three cantrips, and choose two level 1 spells that have the Ritual tag. The spells can be from any class''s spell list, and they must be spells you don''t already have prepared. While the book is on your person, you have the chosen spells prepared, and they function as Warlock spells for you. Spellcasting Focus: You c...'),
    ('Eldritch Invocation: Repelling Blast', 'Choose one of your known Warlock cantrips that requires an attack roll. When you hit a Large or smaller creature with that cantrip, you can push the creature up to 10 feet straight away from you. Prerequisites: Lvl 2, Warlock Cantrip That Deals Damage via an Attack Roll Repeatable: You can gain this feature more than once when rules allow.'),
    ('Eldritch Invocation: Thirsting Blade', 'You gain the Extra Attack feature for your pact weapon only. With that feature, you can attack twice with the weapon instead of once when you take the Attack action on your turn. Prerequisites: Lvl 5, Pact of the Blade'),
    ('Eldritch Invocation: Visions of Distant Realms', 'You can cast Arcane Eye without expending a spell slot. Prerequisites: Lvl 9'),
    ('Eldritch Invocation: Whispers of the Grave', 'You can cast Speak with Dead without expending a spell slot. Prerequisites: Lvl 7'),
    ('Eldritch Invocation: Witch Sight', 'You have Truesight with a range of 30 feet. Prerequisites: Lvl 15'),
    ('Maneuver: Ambush', 'When you make a Dexterity (Stealth) check or an Initiative roll, you can expend one Superiority Die and add the die to the roll, unless you have the Incapacitated condition.'),
    ('Maneuver: Bait and Switch', 'When you''re within 5 feet of a creature on your turn, you can expend one Superiority Die and switch places with that creature, provided you spend at least 5 feet of movement and the creature is willing and doesn''t have the Incapacitated condition. This movement doesn''t provoke Opportunity Attacks. Roll the Superiority Die. Until the start of your next turn, you or the other creature (your choice) gains a bonus to AC equal to the number rolled.'),
    ('Maneuver: Commander''s Strike', 'When you take the Attack action on your turn, you can replace one of your attacks to direct one of your companions to strike. When you do so, choose a willing creature who can see or hear you and expend one Superiority Die. That creature can immediately use its Reaction to make one attack with a weapon or an Unarmed Strike, adding the Superiority Die to the attack''s damage roll on a hit.'),
    ('Maneuver: Commanding Presence', 'When you make a Charisma (Intimidation, Performance, or Persuasion) check, you can expend one Superiority Die and add that die to the roll.'),
    ('Maneuver: Disarming Attack', 'When you hit a creature with an attack roll, you can expend one Superiority Die to attempt to disarm the target. Add the Superiority Die roll to the attack''s damage roll. The target must succeed on a Strength saving throw or drop one object of your choice that it''s holding, with the object landing in its space.'),
    ('Maneuver: Distracting Strike', 'When you hit a creature with an attack roll, you can expend one Superiority Die to distract the target. Add the Superiority Die roll to the attack''s damage roll. The next attack roll against the target by an attacker other than you has Advantage if the attack is made before the start of your next turn.'),
    ('Maneuver: Evasive Footwork', 'As a Bonus Action, you can expend one Superiority Die and take the Disengage action. You also roll the die and add the number rolled to your AC until the start of your next turn.'),
    ('Maneuver: Feinting Attack', 'As a Bonus Action, you can expend one Superiority Die to feint, choosing one creature within 5 feet of yourself as your target. You have Advantage on your next attack roll against that target this turn. If that attack hits, add the Superiority Die to the attack''s damage roll.'),
    ('Maneuver: Goading Attack', 'When you hit a creature with an attack roll, you can expend one Superiority Die to attempt to goad the target into attacking you. Add the Superiority Die to the attack''s damage roll. The target must succeed on a Wisdom saving throw or have Disadvantage on attack rolls against targets other than you until the end of your next turn.'),
    ('Maneuver: Lunging Attack', 'As a Bonus Action, you can expend one Superiority Die and take the Dash action. If you move at least 5 feet in a straight line immediately before hitting with a melee attack as part of the Attack action on this turn, you can add the Superiority Die to the attack''s damage roll.'),
    ('Maneuver: Maneuvering Attack', 'When you hit a creature with an attack roll, you can expend one Superiority Die to maneuver one of your comrades into another position. Add the Superiority Die roll to the attack''s damage roll, and choose a willing creature who can see or hear you. That creature can use its Reaction to move up to half its Speed without provoking an Opportunity Attack from the target of your attack.'),
    ('Maneuver: Menacing Attack', 'When you hit a creature with an attack roll, you can expend one Superiority Die to attempt to frighten the target. Add the Superiority Die to the attack''s damage roll. The target must succeed on a Wisdom saving throw or have the Frightened condition until the end of your next turn.'),
    ('Maneuver: Parry', 'When another creature damages you with a melee attack roll, you can take a Reaction and expend one Superiority Die to reduce the damage by the number you roll on your Superiority Die plus your Strength or Dexterity modifier (your choice).'),
    ('Maneuver: Precision Attack', 'When you miss with an attack roll, you can expend one Superiority Die, roll that die, and add it to the attack roll, potentially causing the attack to hit.'),
    ('Maneuver: Pushing Attack', 'When you hit a creature with an attack roll using a weapon or an Unarmed Strike, you can expend one Superiority Die to attempt to drive the target back. Add the Superiority Die to the attack''s damage roll. If the target is Large or smaller, it must succeed on a Strength saving throw or be pushed up to 15 feet directly away from you.'),
    ('Maneuver: Rally', 'As a Bonus Action, you can expend one Superiority Die to bolster the resolve of a companion. Choose an ally of yours within 30 feet of yourself who can see or hear you. That creature gains Temporary Hit Points equal to the Superiority Die roll plus half your Fighter level (round down).'),
    ('Maneuver: Riposte', 'When a creature misses you with a melee attack roll, you can take a Reaction and expend one Superiority Die to make a melee attack roll with a weapon or an Unarmed Strike against the creature. If you hit, add the Superiority Die to the attack''s damage.'),
    ('Maneuver: Sweeping Attack', 'When you hit a creature with a melee attack roll using a weapon or an Unarmed Strike, you can expend one Superiority Die to attempt to damage another creature. Choose another creature within 5 feet of the original target and within your reach. If the original attack roll would hit the second creature, it takes damage equal to the number you roll on your Superiority Die. The damage is of the same type dealt by the original attack.'),
    ('Maneuver: Tactical Assessment', 'When you make an Intelligence (History or Investigation) check or a Wisdom (Insight) check, you can expend one Superiority Die and add that die to the ability check.'),
    ('Maneuver: Trip Attack', 'When you hit a creature with an attack roll using a weapon or an Unarmed Strike, you can expend one Superiority Die and add the die to the attack''s damage roll. If the target is Large or smaller, it must succeed on a Strength saving throw or have the Prone condition.'),
    ('Metamagic: Careful Spell', 'When you cast a spell that forces other creatures to make a saving throw, you can protect some of those creatures from the spell''s full force. To do so, spend 1 Sorcery Point and choose a number of those creatures up to your Charisma modifier (minimum of one creature). A chosen creature automatically succeeds on its saving throw against the spell, and it takes no damage if it would normally take half damage on a successful save.'),
    ('Metamagic: Distant Spell', 'When you cast a spell that has a range of at least 5 feet, you can spend 1 Sorcery Point to double the spell''s range. Or when you cast a spell that has a range of Touch, you can spend 1 Sorcery Point to make the spell''s range 30 feet.'),
    ('Metamagic: Empowered Spell', 'When you roll damage for a spell, you can spend 1 Sorcery Point to reroll a number of the damage dice up to your Charisma modifier (minimum of one), and you must use the new rolls. You can use Empowered Spell even if you''ve already used a different Metamagic option during the casting of the spell.'),
    ('Metamagic: Extended Spell', 'When you cast a spell that has a duration of 1 minute or longer, you can spend 1 Sorcery Point to double its duration to a maximum duration of 24 hours. If the affected spell requires Concentration, you have Advantage on any saving throw you make to maintain that Concentration.'),
    ('Metamagic: Heightened Spell', 'When you cast a spell that forces a creature to make a saving throw, you can spend 2 Sorcery Points to give one target of the spell Disadvantage on saves against the spell.'),
    ('Metamagic: Quickened Spell', 'When you cast a spell that has a casting time of an action, you can spend 2 Sorcery Points to change the casting time to a Bonus Action for this casting. You can''t modify a spell in this way if you''ve already cast a level 1+ spell on the current turn, nor can you cast a level 1+ spell on this turn after modifying a spell in this way.'),
    ('Metamagic: Seeking Spell', 'If you make an attack roll for a spell and miss, you can spend 1 Sorcery Point to reroll the d20, and you must use the new roll. You can use Seeking Spell even if you''ve already used a different Metamagic option during the casting of the spell.'),
    ('Metamagic: Subtle Spell', 'When you cast a spell, you can spend 1 Sorcery Point to cast it without any Verbal, Somatic, or Material components, except Material components that are consumed by the spell or that have a cost specified in the spell.'),
    ('Metamagic: Transmuted Spell', 'When you cast a spell that deals a type of damage from the following list, you can spend 1 Sorcery Point to change that damage type to one of the other listed types: Acid, Cold, Fire, Lightning, Poison, Thunder.'),
    ('Metamagic: Twinned Spell', 'When you cast a spell, such as Charm Person, that can be cast with a higher-level spell slot to target an additional creature, you can spend 1 Sorcery Point to increase the spell''s effective level by 1.');

INSERT INTO traits (name, description)
SELECT trait_name, description
FROM _import_optional_trait_data
ON CONFLICT (name) DO UPDATE SET description = EXCLUDED.description;

CREATE TEMP TABLE _import_optional_class_trait_data (
    class_name TEXT NOT NULL,
    trait_name TEXT NOT NULL,
    level_required INT NOT NULL,
    PRIMARY KEY (class_name, trait_name, level_required)
) ON COMMIT DROP;

INSERT INTO _import_optional_class_trait_data (class_name, trait_name, level_required) VALUES
    ('Warlock', 'Eldritch Invocation: Agonizing Blast', 2),
    ('Warlock', 'Eldritch Invocation: Armor of Shadows', 2),
    ('Warlock', 'Eldritch Invocation: Ascendant Step', 5),
    ('Warlock', 'Eldritch Invocation: Devil''s Sight', 2),
    ('Warlock', 'Eldritch Invocation: Devouring Blade', 12),
    ('Warlock', 'Eldritch Invocation: Eldritch Mind', 2),
    ('Warlock', 'Eldritch Invocation: Eldritch Smite', 5),
    ('Warlock', 'Eldritch Invocation: Eldritch Spear', 2),
    ('Warlock', 'Eldritch Invocation: Fiendish Vigor', 2),
    ('Warlock', 'Eldritch Invocation: Gaze of Two Minds', 5),
    ('Warlock', 'Eldritch Invocation: Gift of the Depths', 5),
    ('Warlock', 'Eldritch Invocation: Gift of the Protectors', 9),
    ('Warlock', 'Eldritch Invocation: Investment of the Chain Master', 5),
    ('Warlock', 'Eldritch Invocation: Lessons of the First Ones', 2),
    ('Warlock', 'Eldritch Invocation: Lifedrinker', 9),
    ('Warlock', 'Eldritch Invocation: Mask of Many Faces', 2),
    ('Warlock', 'Eldritch Invocation: Master of Myriad Forms', 5),
    ('Warlock', 'Eldritch Invocation: Misty Visions', 2),
    ('Warlock', 'Eldritch Invocation: One with Shadows', 5),
    ('Warlock', 'Eldritch Invocation: Otherworldly Leap', 2),
    ('Warlock', 'Eldritch Invocation: Pact of the Blade', 2),
    ('Warlock', 'Eldritch Invocation: Pact of the Chain', 2),
    ('Warlock', 'Eldritch Invocation: Pact of the Tome', 2),
    ('Warlock', 'Eldritch Invocation: Repelling Blast', 2),
    ('Warlock', 'Eldritch Invocation: Thirsting Blade', 5),
    ('Warlock', 'Eldritch Invocation: Visions of Distant Realms', 9),
    ('Warlock', 'Eldritch Invocation: Whispers of the Grave', 7),
    ('Warlock', 'Eldritch Invocation: Witch Sight', 15),
    ('Sorcerer', 'Metamagic: Careful Spell', 2),
    ('Sorcerer', 'Metamagic: Distant Spell', 2),
    ('Sorcerer', 'Metamagic: Empowered Spell', 2),
    ('Sorcerer', 'Metamagic: Extended Spell', 2),
    ('Sorcerer', 'Metamagic: Heightened Spell', 2),
    ('Sorcerer', 'Metamagic: Quickened Spell', 2),
    ('Sorcerer', 'Metamagic: Seeking Spell', 2),
    ('Sorcerer', 'Metamagic: Subtle Spell', 2),
    ('Sorcerer', 'Metamagic: Transmuted Spell', 2),
    ('Sorcerer', 'Metamagic: Twinned Spell', 2);

INSERT INTO class_traits (class_id, trait_id, level_required)
SELECT c.id, t.id, oct.level_required
FROM _import_optional_class_trait_data oct
JOIN classes c ON c.name = oct.class_name
JOIN traits t ON t.name = oct.trait_name
ON CONFLICT (class_id, trait_id, level_required) DO NOTHING;

CREATE TEMP TABLE _import_optional_subclass_trait_data (
    class_name TEXT NOT NULL,
    subclass_name TEXT NOT NULL,
    trait_name TEXT NOT NULL,
    level_required INT NOT NULL,
    PRIMARY KEY (class_name, subclass_name, trait_name, level_required)
) ON COMMIT DROP;

INSERT INTO _import_optional_subclass_trait_data (class_name, subclass_name, trait_name, level_required) VALUES
    ('Fighter', 'Battle Master', 'Maneuver: Ambush', 3),
    ('Fighter', 'Battle Master', 'Maneuver: Bait and Switch', 3),
    ('Fighter', 'Battle Master', 'Maneuver: Commander''s Strike', 3),
    ('Fighter', 'Battle Master', 'Maneuver: Commanding Presence', 3),
    ('Fighter', 'Battle Master', 'Maneuver: Disarming Attack', 3),
    ('Fighter', 'Battle Master', 'Maneuver: Distracting Strike', 3),
    ('Fighter', 'Battle Master', 'Maneuver: Evasive Footwork', 3),
    ('Fighter', 'Battle Master', 'Maneuver: Feinting Attack', 3),
    ('Fighter', 'Battle Master', 'Maneuver: Goading Attack', 3),
    ('Fighter', 'Battle Master', 'Maneuver: Lunging Attack', 3),
    ('Fighter', 'Battle Master', 'Maneuver: Maneuvering Attack', 3),
    ('Fighter', 'Battle Master', 'Maneuver: Menacing Attack', 3),
    ('Fighter', 'Battle Master', 'Maneuver: Parry', 3),
    ('Fighter', 'Battle Master', 'Maneuver: Precision Attack', 3),
    ('Fighter', 'Battle Master', 'Maneuver: Pushing Attack', 3),
    ('Fighter', 'Battle Master', 'Maneuver: Rally', 3),
    ('Fighter', 'Battle Master', 'Maneuver: Riposte', 3),
    ('Fighter', 'Battle Master', 'Maneuver: Sweeping Attack', 3),
    ('Fighter', 'Battle Master', 'Maneuver: Tactical Assessment', 3),
    ('Fighter', 'Battle Master', 'Maneuver: Trip Attack', 3);

INSERT INTO subclass_traits (subclass_id, trait_id, level_required)
SELECT sc.id, t.id, ost.level_required
FROM _import_optional_subclass_trait_data ost
JOIN classes c ON c.name = ost.class_name
JOIN subclasses sc ON sc.class_id = c.id AND sc.name = ost.subclass_name
JOIN traits t ON t.name = ost.trait_name
ON CONFLICT (subclass_id, trait_id, level_required) DO NOTHING;

CREATE TEMP TABLE _import_optional_effect_data (
    trait_name TEXT NOT NULL,
    effect_name TEXT NOT NULL,
    description TEXT,
    effect_type TEXT NOT NULL,
    requires_choice BOOLEAN NOT NULL DEFAULT FALSE,
    PRIMARY KEY (trait_name, effect_name)
) ON COMMIT DROP;

INSERT INTO _import_optional_effect_data (trait_name, effect_name, description, effect_type, requires_choice) VALUES
    ('Eldritch Invocation: Agonizing Blast', 'Eldritch Invocation: Agonizing Blast', 'Choose one of your known Warlock cantrips that deals damage. You can add your Charisma modifier to that spell''s damage rolls. Prerequisites: Lvl 2, Warlock Cantrip That Deals Damage Repeatable: You can gain this feature more than once when rules allow.', 'special', False),
    ('Eldritch Invocation: Armor of Shadows', 'Eldritch Invocation: Armor of Shadows', 'You can cast Mage Armor on yourself without expending a spell slot.', 'special', False),
    ('Eldritch Invocation: Ascendant Step', 'Eldritch Invocation: Ascendant Step', 'You can cast Levitate on yourself without expending a spell slot. Prerequisites: Lvl 5', 'special', False),
    ('Eldritch Invocation: Devil''s Sight', 'Eldritch Invocation: Devil''s Sight', 'You can see normally in Dim Light and Darkness—both magical and nonmagical—within 120 feet of yourself. Prerequisites: Lvl 2', 'special', False),
    ('Eldritch Invocation: Devouring Blade', 'Eldritch Invocation: Devouring Blade', 'The Extra Attack of your Thirsting Blade invocation confers two extra attacks rather than one. Prerequisites: Lvl 12, Thirsting Blade', 'special', False),
    ('Eldritch Invocation: Eldritch Mind', 'Eldritch Invocation: Eldritch Mind', 'You have Advantage on Constitution saving throws that you make to maintain Concentration.', 'special', False),
    ('Eldritch Invocation: Eldritch Smite', 'Eldritch Invocation: Eldritch Smite', 'Once per turn when you hit a creature with your pact weapon, you can expend a Pact Magic spell slot to deal an extra 1d8 Force damage to the target, plus another 1d8 per level of the spell slot, and you can give the target the Prone condition if it is Huge or smaller. Prerequisites: Lvl 5, Pact of the Blade', 'special', False),
    ('Eldritch Invocation: Eldritch Spear', 'Eldritch Invocation: Eldritch Spear', 'Choose one of your known Warlock cantrips that deals damage and has a range of 10+ feet. When you cast that spell, its range increases by a number of feet equal to 30 times your Warlock level. Prerequisites: Lvl 2, Warlock Cantrip That Deals Damage Repeatable: You can gain this feature more than once when rules allow.', 'special', False),
    ('Eldritch Invocation: Fiendish Vigor', 'Eldritch Invocation: Fiendish Vigor', 'You can cast False Life on yourself without expending a spell slot. When you cast the spell with this feature, you don''t roll the die for the Temporary Hit Points; you automatically get the highest number on the die. Prerequisites: Lvl 2', 'special', False),
    ('Eldritch Invocation: Gaze of Two Minds', 'Eldritch Invocation: Gaze of Two Minds', 'You can use a Bonus Action to touch a willing creature and perceive through its senses until the end of your next turn. As long as the creature is on the same plane of existence as you, you can take a Bonus Action on subsequent turns to maintain this connection, extending the duration until the end of your next turn. The connection ends if you don''t maintain it in this way. While perceiving through the other creature''s senses, you benefit from any special senses possessed by that creature, and you can cast spells as if you were in your space or the other creature''s space if the two of you are within 60 feet of each other. Prerequisites: Lvl 5', 'special', False),
    ('Eldritch Invocation: Gift of the Depths', 'Eldritch Invocation: Gift of the Depths', 'You can breathe underwater, and you gain a Swim Speed equal to your Speed. You can also cast Water Breathing once without expending a spell slot. You regain the ability to cast it in this way again when you finish a Long Rest. Prerequisites: Lvl 5', 'special', False),
    ('Eldritch Invocation: Gift of the Protectors', 'Eldritch Invocation: Gift of the Protectors', 'A new page appears in your Book of Shadows when you conjure it. With your permission, a creature can take an action to write its name on that page, which can contain a number of names equal to your Charisma modifier (minimum of one name). When any creature whose name is on the page is reduced to 0 Hit Points but not killed outright, the creature magically drops to 1 Hit Point instead. Once this magic is triggered, no creature can benefit from it until you finish a Long Rest. As a Magic action, you can erase a name on the page by touching it. Prerequisites: Lvl 9, Pact of the Tome', 'special', False),
    ('Eldritch Invocation: Investment of the Chain Master', 'Eldritch Invocation: Investment of the Chain Master', 'When you cast Find Familiar, you infuse the summoned familiar with a measure of your eldritch power, granting the creature the following benefits. Prerequisites: Lvl 5, Pact of the Chain Aerial or Aquatic: The familiar gains either a Fly Speed or a Swim Speed (your choice) of 40 feet.', 'special', False),
    ('Eldritch Invocation: Lessons of the First Ones', 'Eldritch Invocation: Lessons of the First Ones', 'You have received knowledge from an elder entity of the multiverse, allowing you to gain one Origin feat of your choice. Prerequisites: Lvl 2 Repeatable: You can gain this feature more than once when rules allow.', 'special', False),
    ('Eldritch Invocation: Lifedrinker', 'Eldritch Invocation: Lifedrinker', 'Once per turn when you hit a creature with your pact weapon, you can deal an extra 1d6 Necrotic, Psychic, or Radiant damage (your choice) to the creature, and you can expend one of your Hit Point Dice to roll it and regain a number of Hit Points equal to the roll plus your Constitution modifier (minimum of 1 Hit Point). Prerequisites: Lvl 9, Pact of the Blade', 'special', False),
    ('Eldritch Invocation: Mask of Many Faces', 'Eldritch Invocation: Mask of Many Faces', 'You can cast Disguise Self without expending a spell slot. Prerequisites: Lvl 2', 'special', False),
    ('Eldritch Invocation: Master of Myriad Forms', 'Eldritch Invocation: Master of Myriad Forms', 'You can cast Alter Self without expending a spell slot. Prerequisites: Lvl 5', 'special', False),
    ('Eldritch Invocation: Misty Visions', 'Eldritch Invocation: Misty Visions', 'You can cast Silent Image without expending a spell slot. Prerequisites: Lvl 2', 'special', False),
    ('Eldritch Invocation: One with Shadows', 'Eldritch Invocation: One with Shadows', 'While you''re in an area of Dim Light or Darkness, you can cast Invisibility on yourself without expending a spell slot. Prerequisites: Lvl 5', 'special', False),
    ('Eldritch Invocation: Otherworldly Leap', 'Eldritch Invocation: Otherworldly Leap', 'You can cast Jump on yourself without expending a spell slot. Prerequisites: Lvl 2', 'special', False),
    ('Eldritch Invocation: Pact of the Blade', 'Eldritch Invocation: Pact of the Blade', 'As a Bonus Action, you can conjure a pact weapon in your hand—a Simple or Martial Melee weapon of your choice with which you bond—or create a bond with a magic weapon you touch; you can''t bond with a magic weapon if someone else is attuned to it or another Warlock is bonded with it. Until the bond ends, you have proficiency with the weapon, and you can use it as a Spellcasting Focus. Whenever you attack with the bonded weapon, you can use your Charisma modifier for the attack and damage rolls instead of using Strength or Dexterity; and you can cause the weapon to deal Necrotic, Psychic, or Radiant damage or its normal damage type. Your bond with the weapon ends if you use this feature''s B...', 'special', False),
    ('Eldritch Invocation: Pact of the Chain', 'Eldritch Invocation: Pact of the Chain', 'You learn the Find Familiar spell and can cast it as a Magic action without expending a spell slot. When you cast the spell, you choose one of the normal forms for your familiar or one of the following special forms: Imp, Pseudodragon, Quasit, Skeleton, Slaad Tadpole, Sphinx of Wonder, Sprite, or Venomous Snake (see appendix B for the familiar''s stat block). Additionally, when you take the Attack action, you can forgo one of your own attacks to allow your familiar to make one attack of its own with its Reaction.', 'special', False),
    ('Eldritch Invocation: Pact of the Tome', 'Eldritch Invocation: Pact of the Tome', 'Stitching together strands of shadow, you conjure forth a book in your hand at the end of a Short or Long Rest. This Book of Shadows (you determine its appearance) contains eldritch magic that only you can access, granting you the benefits below. The book disappears if you conjure another book with this feature or if you die. Cantrips and Rituals: When the book appears, choose three cantrips, and choose two level 1 spells that have the Ritual tag. The spells can be from any class''s spell list, and they must be spells you don''t already have prepared. While the book is on your person, you have the chosen spells prepared, and they function as Warlock spells for you. Spellcasting Focus: You c...', 'special', False),
    ('Eldritch Invocation: Repelling Blast', 'Eldritch Invocation: Repelling Blast', 'Choose one of your known Warlock cantrips that requires an attack roll. When you hit a Large or smaller creature with that cantrip, you can push the creature up to 10 feet straight away from you. Prerequisites: Lvl 2, Warlock Cantrip That Deals Damage via an Attack Roll Repeatable: You can gain this feature more than once when rules allow.', 'special', False),
    ('Eldritch Invocation: Thirsting Blade', 'Eldritch Invocation: Thirsting Blade', 'You gain the Extra Attack feature for your pact weapon only. With that feature, you can attack twice with the weapon instead of once when you take the Attack action on your turn. Prerequisites: Lvl 5, Pact of the Blade', 'special', False),
    ('Eldritch Invocation: Visions of Distant Realms', 'Eldritch Invocation: Visions of Distant Realms', 'You can cast Arcane Eye without expending a spell slot. Prerequisites: Lvl 9', 'special', False),
    ('Eldritch Invocation: Whispers of the Grave', 'Eldritch Invocation: Whispers of the Grave', 'You can cast Speak with Dead without expending a spell slot. Prerequisites: Lvl 7', 'special', False),
    ('Eldritch Invocation: Witch Sight', 'Eldritch Invocation: Witch Sight', 'You have Truesight with a range of 30 feet. Prerequisites: Lvl 15', 'special', False),
    ('Maneuver: Ambush', 'Maneuver: Ambush', 'When you make a Dexterity (Stealth) check or an Initiative roll, you can expend one Superiority Die and add the die to the roll, unless you have the Incapacitated condition.', 'special', False),
    ('Maneuver: Bait and Switch', 'Maneuver: Bait and Switch', 'When you''re within 5 feet of a creature on your turn, you can expend one Superiority Die and switch places with that creature, provided you spend at least 5 feet of movement and the creature is willing and doesn''t have the Incapacitated condition. This movement doesn''t provoke Opportunity Attacks. Roll the Superiority Die. Until the start of your next turn, you or the other creature (your choice) gains a bonus to AC equal to the number rolled.', 'special', False),
    ('Maneuver: Commander''s Strike', 'Maneuver: Commander''s Strike', 'When you take the Attack action on your turn, you can replace one of your attacks to direct one of your companions to strike. When you do so, choose a willing creature who can see or hear you and expend one Superiority Die. That creature can immediately use its Reaction to make one attack with a weapon or an Unarmed Strike, adding the Superiority Die to the attack''s damage roll on a hit.', 'special', False),
    ('Maneuver: Commanding Presence', 'Maneuver: Commanding Presence', 'When you make a Charisma (Intimidation, Performance, or Persuasion) check, you can expend one Superiority Die and add that die to the roll.', 'special', False),
    ('Maneuver: Disarming Attack', 'Maneuver: Disarming Attack', 'When you hit a creature with an attack roll, you can expend one Superiority Die to attempt to disarm the target. Add the Superiority Die roll to the attack''s damage roll. The target must succeed on a Strength saving throw or drop one object of your choice that it''s holding, with the object landing in its space.', 'special', False),
    ('Maneuver: Distracting Strike', 'Maneuver: Distracting Strike', 'When you hit a creature with an attack roll, you can expend one Superiority Die to distract the target. Add the Superiority Die roll to the attack''s damage roll. The next attack roll against the target by an attacker other than you has Advantage if the attack is made before the start of your next turn.', 'special', False),
    ('Maneuver: Evasive Footwork', 'Maneuver: Evasive Footwork', 'As a Bonus Action, you can expend one Superiority Die and take the Disengage action. You also roll the die and add the number rolled to your AC until the start of your next turn.', 'special', False),
    ('Maneuver: Feinting Attack', 'Maneuver: Feinting Attack', 'As a Bonus Action, you can expend one Superiority Die to feint, choosing one creature within 5 feet of yourself as your target. You have Advantage on your next attack roll against that target this turn. If that attack hits, add the Superiority Die to the attack''s damage roll.', 'special', False),
    ('Maneuver: Goading Attack', 'Maneuver: Goading Attack', 'When you hit a creature with an attack roll, you can expend one Superiority Die to attempt to goad the target into attacking you. Add the Superiority Die to the attack''s damage roll. The target must succeed on a Wisdom saving throw or have Disadvantage on attack rolls against targets other than you until the end of your next turn.', 'special', False),
    ('Maneuver: Lunging Attack', 'Maneuver: Lunging Attack', 'As a Bonus Action, you can expend one Superiority Die and take the Dash action. If you move at least 5 feet in a straight line immediately before hitting with a melee attack as part of the Attack action on this turn, you can add the Superiority Die to the attack''s damage roll.', 'special', False),
    ('Maneuver: Maneuvering Attack', 'Maneuver: Maneuvering Attack', 'When you hit a creature with an attack roll, you can expend one Superiority Die to maneuver one of your comrades into another position. Add the Superiority Die roll to the attack''s damage roll, and choose a willing creature who can see or hear you. That creature can use its Reaction to move up to half its Speed without provoking an Opportunity Attack from the target of your attack.', 'special', False),
    ('Maneuver: Menacing Attack', 'Maneuver: Menacing Attack', 'When you hit a creature with an attack roll, you can expend one Superiority Die to attempt to frighten the target. Add the Superiority Die to the attack''s damage roll. The target must succeed on a Wisdom saving throw or have the Frightened condition until the end of your next turn.', 'special', False),
    ('Maneuver: Parry', 'Maneuver: Parry', 'When another creature damages you with a melee attack roll, you can take a Reaction and expend one Superiority Die to reduce the damage by the number you roll on your Superiority Die plus your Strength or Dexterity modifier (your choice).', 'special', False),
    ('Maneuver: Precision Attack', 'Maneuver: Precision Attack', 'When you miss with an attack roll, you can expend one Superiority Die, roll that die, and add it to the attack roll, potentially causing the attack to hit.', 'special', False),
    ('Maneuver: Pushing Attack', 'Maneuver: Pushing Attack', 'When you hit a creature with an attack roll using a weapon or an Unarmed Strike, you can expend one Superiority Die to attempt to drive the target back. Add the Superiority Die to the attack''s damage roll. If the target is Large or smaller, it must succeed on a Strength saving throw or be pushed up to 15 feet directly away from you.', 'special', False),
    ('Maneuver: Rally', 'Maneuver: Rally', 'As a Bonus Action, you can expend one Superiority Die to bolster the resolve of a companion. Choose an ally of yours within 30 feet of yourself who can see or hear you. That creature gains Temporary Hit Points equal to the Superiority Die roll plus half your Fighter level (round down).', 'special', False),
    ('Maneuver: Riposte', 'Maneuver: Riposte', 'When a creature misses you with a melee attack roll, you can take a Reaction and expend one Superiority Die to make a melee attack roll with a weapon or an Unarmed Strike against the creature. If you hit, add the Superiority Die to the attack''s damage.', 'special', False),
    ('Maneuver: Sweeping Attack', 'Maneuver: Sweeping Attack', 'When you hit a creature with a melee attack roll using a weapon or an Unarmed Strike, you can expend one Superiority Die to attempt to damage another creature. Choose another creature within 5 feet of the original target and within your reach. If the original attack roll would hit the second creature, it takes damage equal to the number you roll on your Superiority Die. The damage is of the same type dealt by the original attack.', 'special', False),
    ('Maneuver: Tactical Assessment', 'Maneuver: Tactical Assessment', 'When you make an Intelligence (History or Investigation) check or a Wisdom (Insight) check, you can expend one Superiority Die and add that die to the ability check.', 'special', False),
    ('Maneuver: Trip Attack', 'Maneuver: Trip Attack', 'When you hit a creature with an attack roll using a weapon or an Unarmed Strike, you can expend one Superiority Die and add the die to the attack''s damage roll. If the target is Large or smaller, it must succeed on a Strength saving throw or have the Prone condition.', 'special', False),
    ('Metamagic: Careful Spell', 'Metamagic: Careful Spell', 'When you cast a spell that forces other creatures to make a saving throw, you can protect some of those creatures from the spell''s full force. To do so, spend 1 Sorcery Point and choose a number of those creatures up to your Charisma modifier (minimum of one creature). A chosen creature automatically succeeds on its saving throw against the spell, and it takes no damage if it would normally take half damage on a successful save.', 'special', False),
    ('Metamagic: Distant Spell', 'Metamagic: Distant Spell', 'When you cast a spell that has a range of at least 5 feet, you can spend 1 Sorcery Point to double the spell''s range. Or when you cast a spell that has a range of Touch, you can spend 1 Sorcery Point to make the spell''s range 30 feet.', 'special', False),
    ('Metamagic: Empowered Spell', 'Metamagic: Empowered Spell', 'When you roll damage for a spell, you can spend 1 Sorcery Point to reroll a number of the damage dice up to your Charisma modifier (minimum of one), and you must use the new rolls. You can use Empowered Spell even if you''ve already used a different Metamagic option during the casting of the spell.', 'special', False),
    ('Metamagic: Extended Spell', 'Metamagic: Extended Spell', 'When you cast a spell that has a duration of 1 minute or longer, you can spend 1 Sorcery Point to double its duration to a maximum duration of 24 hours. If the affected spell requires Concentration, you have Advantage on any saving throw you make to maintain that Concentration.', 'special', False),
    ('Metamagic: Heightened Spell', 'Metamagic: Heightened Spell', 'When you cast a spell that forces a creature to make a saving throw, you can spend 2 Sorcery Points to give one target of the spell Disadvantage on saves against the spell.', 'special', False),
    ('Metamagic: Quickened Spell', 'Metamagic: Quickened Spell', 'When you cast a spell that has a casting time of an action, you can spend 2 Sorcery Points to change the casting time to a Bonus Action for this casting. You can''t modify a spell in this way if you''ve already cast a level 1+ spell on the current turn, nor can you cast a level 1+ spell on this turn after modifying a spell in this way.', 'special', False),
    ('Metamagic: Seeking Spell', 'Metamagic: Seeking Spell', 'If you make an attack roll for a spell and miss, you can spend 1 Sorcery Point to reroll the d20, and you must use the new roll. You can use Seeking Spell even if you''ve already used a different Metamagic option during the casting of the spell.', 'special', False),
    ('Metamagic: Subtle Spell', 'Metamagic: Subtle Spell', 'When you cast a spell, you can spend 1 Sorcery Point to cast it without any Verbal, Somatic, or Material components, except Material components that are consumed by the spell or that have a cost specified in the spell.', 'special', False),
    ('Metamagic: Transmuted Spell', 'Metamagic: Transmuted Spell', 'When you cast a spell that deals a type of damage from the following list, you can spend 1 Sorcery Point to change that damage type to one of the other listed types: Acid, Cold, Fire, Lightning, Poison, Thunder.', 'special', False),
    ('Metamagic: Twinned Spell', 'Metamagic: Twinned Spell', 'When you cast a spell, such as Charm Person, that can be cast with a higher-level spell slot to target an additional creature, you can spend 1 Sorcery Point to increase the spell''s effective level by 1.', 'special', False);

INSERT INTO effects (trait_id, name, description, effect_type, duration_text, requires_choice)
SELECT t.id, ed.effect_name, ed.description, ed.effect_type, NULL, ed.requires_choice
FROM _import_optional_effect_data ed
JOIN traits t ON t.name = ed.trait_name
WHERE NOT EXISTS (
    SELECT 1 FROM effects e WHERE e.trait_id = t.id AND e.name = ed.effect_name
);

UPDATE effects e
SET description = ed.description, effect_type = ed.effect_type, requires_choice = ed.requires_choice
FROM _import_optional_effect_data ed
JOIN traits t ON t.name = ed.trait_name
WHERE e.trait_id = t.id AND e.name = ed.effect_name;

COMMIT;
