-- Migration: 000033 — seed 018_dnd_2024_spell_knowledge
BEGIN;

-- Generated by tools/spell_knowledge_generator.py
-- Source: PHB 2024 class tables + /home/lucaslima/Projetos/container-lucas/dnd/public/base

INSERT INTO spell_knowledge_progressions (slug, name, knowledge_type, description) VALUES
    ('wizard', 'Wizard Cantrips', 'cantrips', 'PHB 2024 wizard cantrips.'),
    ('wizard-prepared', 'Wizard Prepared Spells', 'prepared', 'PHB 2024 wizard prepared spells.'),
    ('bard', 'Bard Cantrips', 'cantrips', 'PHB 2024 bard cantrips.'),
    ('bard-prepared', 'Bard Prepared Spells', 'prepared', 'PHB 2024 bard prepared spells.'),
    ('cleric', 'Cleric Cantrips', 'cantrips', 'PHB 2024 cleric cantrips.'),
    ('cleric-prepared', 'Cleric Prepared Spells', 'prepared', 'PHB 2024 cleric prepared spells.'),
    ('druid', 'Druid Cantrips', 'cantrips', 'PHB 2024 druid cantrips.'),
    ('druid-prepared', 'Druid Prepared Spells', 'prepared', 'PHB 2024 druid prepared spells.'),
    ('sorcerer', 'Sorcerer Cantrips', 'cantrips', 'PHB 2024 sorcerer cantrips.'),
    ('sorcerer-prepared', 'Sorcerer Prepared Spells', 'prepared', 'PHB 2024 sorcerer prepared spells.'),
    ('warlock', 'Warlock Cantrips', 'cantrips', 'PHB 2024 warlock cantrips.'),
    ('warlock-prepared', 'Warlock Prepared Spells', 'prepared', 'PHB 2024 warlock prepared spells.'),
    ('warlock-invocations', 'Eldritch Invocations Known', 'invocations', 'PHB 2024 eldritch invocations known.'),
    ('paladin-prepared', 'Paladin Prepared Spells', 'prepared', 'PHB 2024 paladin prepared spells.'),
    ('ranger-prepared', 'Ranger Prepared Spells', 'prepared', 'PHB 2024 ranger prepared spells.'),
    ('third-caster', 'Third Caster Cantrips', 'cantrips', 'PHB 2024 third caster cantrips.'),
    ('third-caster-prepared', 'Third Caster Prepared Spells', 'prepared', 'PHB 2024 third caster prepared spells.') ON CONFLICT (slug) DO UPDATE SET
    name = EXCLUDED.name,
    knowledge_type = EXCLUDED.knowledge_type,
    description = EXCLUDED.description;

CREATE TEMP TABLE _import_spell_knowledge_level_data (
    progression_slug TEXT NOT NULL,
    class_level INT NOT NULL,
    knowledge_count INT NOT NULL,
    PRIMARY KEY (progression_slug, class_level)
) ON COMMIT DROP;

INSERT INTO _import_spell_knowledge_level_data (progression_slug, class_level, knowledge_count) VALUES
    ('wizard', 1, 3),
    ('wizard', 2, 3),
    ('wizard', 3, 3),
    ('wizard', 4, 4),
    ('wizard', 5, 4),
    ('wizard', 6, 4),
    ('wizard', 7, 4),
    ('wizard', 8, 4),
    ('wizard', 9, 4),
    ('wizard', 10, 5),
    ('wizard', 11, 5),
    ('wizard', 12, 5),
    ('wizard', 13, 5),
    ('wizard', 14, 5),
    ('wizard', 15, 5),
    ('wizard', 16, 5),
    ('wizard', 17, 5),
    ('wizard', 18, 5),
    ('wizard', 19, 5),
    ('wizard', 20, 5),
    ('wizard-prepared', 1, 4),
    ('wizard-prepared', 2, 5),
    ('wizard-prepared', 3, 6),
    ('wizard-prepared', 4, 7),
    ('wizard-prepared', 5, 9),
    ('wizard-prepared', 6, 10),
    ('wizard-prepared', 7, 11),
    ('wizard-prepared', 8, 12),
    ('wizard-prepared', 9, 14),
    ('wizard-prepared', 10, 15),
    ('wizard-prepared', 11, 16),
    ('wizard-prepared', 12, 16),
    ('wizard-prepared', 13, 17),
    ('wizard-prepared', 14, 18),
    ('wizard-prepared', 15, 19),
    ('wizard-prepared', 16, 21),
    ('wizard-prepared', 17, 22),
    ('wizard-prepared', 18, 23),
    ('wizard-prepared', 19, 24),
    ('wizard-prepared', 20, 25),
    ('bard', 1, 2),
    ('bard', 2, 2),
    ('bard', 3, 2),
    ('bard', 4, 3),
    ('bard', 5, 3),
    ('bard', 6, 3),
    ('bard', 7, 3),
    ('bard', 8, 3),
    ('bard', 9, 3),
    ('bard', 10, 4),
    ('bard', 11, 4),
    ('bard', 12, 4),
    ('bard', 13, 4),
    ('bard', 14, 4),
    ('bard', 15, 4),
    ('bard', 16, 4),
    ('bard', 17, 4),
    ('bard', 18, 4),
    ('bard', 19, 4),
    ('bard', 20, 4),
    ('bard-prepared', 1, 4),
    ('bard-prepared', 2, 5),
    ('bard-prepared', 3, 6),
    ('bard-prepared', 4, 7),
    ('bard-prepared', 5, 9),
    ('bard-prepared', 6, 10),
    ('bard-prepared', 7, 11),
    ('bard-prepared', 8, 12),
    ('bard-prepared', 9, 14),
    ('bard-prepared', 10, 15),
    ('bard-prepared', 11, 16),
    ('bard-prepared', 12, 16),
    ('bard-prepared', 13, 17),
    ('bard-prepared', 14, 17),
    ('bard-prepared', 15, 18),
    ('bard-prepared', 16, 18),
    ('bard-prepared', 17, 19),
    ('bard-prepared', 18, 20),
    ('bard-prepared', 19, 21),
    ('bard-prepared', 20, 22),
    ('cleric', 1, 3),
    ('cleric', 2, 3),
    ('cleric', 3, 3),
    ('cleric', 4, 4),
    ('cleric', 5, 4),
    ('cleric', 6, 4),
    ('cleric', 7, 4),
    ('cleric', 8, 4),
    ('cleric', 9, 4),
    ('cleric', 10, 5),
    ('cleric', 11, 5),
    ('cleric', 12, 5),
    ('cleric', 13, 5),
    ('cleric', 14, 5),
    ('cleric', 15, 5),
    ('cleric', 16, 5),
    ('cleric', 17, 5),
    ('cleric', 18, 5),
    ('cleric', 19, 5),
    ('cleric', 20, 5),
    ('cleric-prepared', 1, 4),
    ('cleric-prepared', 2, 5),
    ('cleric-prepared', 3, 6),
    ('cleric-prepared', 4, 7),
    ('cleric-prepared', 5, 9),
    ('cleric-prepared', 6, 10),
    ('cleric-prepared', 7, 11),
    ('cleric-prepared', 8, 12),
    ('cleric-prepared', 9, 14),
    ('cleric-prepared', 10, 15),
    ('cleric-prepared', 11, 16),
    ('cleric-prepared', 12, 16),
    ('cleric-prepared', 13, 17),
    ('cleric-prepared', 14, 17),
    ('cleric-prepared', 15, 18),
    ('cleric-prepared', 16, 18),
    ('cleric-prepared', 17, 19),
    ('cleric-prepared', 18, 20),
    ('cleric-prepared', 19, 21),
    ('cleric-prepared', 20, 22),
    ('druid', 1, 2),
    ('druid', 2, 2),
    ('druid', 3, 2),
    ('druid', 4, 3),
    ('druid', 5, 3),
    ('druid', 6, 3),
    ('druid', 7, 3),
    ('druid', 8, 3),
    ('druid', 9, 3),
    ('druid', 10, 4),
    ('druid', 11, 4),
    ('druid', 12, 4),
    ('druid', 13, 4),
    ('druid', 14, 4),
    ('druid', 15, 4),
    ('druid', 16, 4),
    ('druid', 17, 4),
    ('druid', 18, 4),
    ('druid', 19, 4),
    ('druid', 20, 4),
    ('druid-prepared', 1, 4),
    ('druid-prepared', 2, 5),
    ('druid-prepared', 3, 6),
    ('druid-prepared', 4, 7),
    ('druid-prepared', 5, 9),
    ('druid-prepared', 6, 10),
    ('druid-prepared', 7, 11),
    ('druid-prepared', 8, 12),
    ('druid-prepared', 9, 14),
    ('druid-prepared', 10, 15),
    ('druid-prepared', 11, 16),
    ('druid-prepared', 12, 16),
    ('druid-prepared', 13, 17),
    ('druid-prepared', 14, 17),
    ('druid-prepared', 15, 18),
    ('druid-prepared', 16, 18),
    ('druid-prepared', 17, 19),
    ('druid-prepared', 18, 20),
    ('druid-prepared', 19, 21),
    ('druid-prepared', 20, 22),
    ('sorcerer', 1, 4),
    ('sorcerer', 2, 4),
    ('sorcerer', 3, 4),
    ('sorcerer', 4, 5),
    ('sorcerer', 5, 5),
    ('sorcerer', 6, 5),
    ('sorcerer', 7, 5),
    ('sorcerer', 8, 5),
    ('sorcerer', 9, 5),
    ('sorcerer', 10, 6),
    ('sorcerer', 11, 6),
    ('sorcerer', 12, 6),
    ('sorcerer', 13, 6),
    ('sorcerer', 14, 6),
    ('sorcerer', 15, 6),
    ('sorcerer', 16, 6),
    ('sorcerer', 17, 6),
    ('sorcerer', 18, 6),
    ('sorcerer', 19, 6),
    ('sorcerer', 20, 6),
    ('sorcerer-prepared', 1, 2),
    ('sorcerer-prepared', 2, 4),
    ('sorcerer-prepared', 3, 6),
    ('sorcerer-prepared', 4, 7),
    ('sorcerer-prepared', 5, 9),
    ('sorcerer-prepared', 6, 10),
    ('sorcerer-prepared', 7, 11),
    ('sorcerer-prepared', 8, 12),
    ('sorcerer-prepared', 9, 14),
    ('sorcerer-prepared', 10, 15),
    ('sorcerer-prepared', 11, 16),
    ('sorcerer-prepared', 12, 16),
    ('sorcerer-prepared', 13, 17),
    ('sorcerer-prepared', 14, 17),
    ('sorcerer-prepared', 15, 18),
    ('sorcerer-prepared', 16, 18),
    ('sorcerer-prepared', 17, 19),
    ('sorcerer-prepared', 18, 20),
    ('sorcerer-prepared', 19, 21),
    ('sorcerer-prepared', 20, 22),
    ('warlock', 1, 2),
    ('warlock', 2, 2),
    ('warlock', 3, 2),
    ('warlock', 4, 3),
    ('warlock', 5, 3),
    ('warlock', 6, 3),
    ('warlock', 7, 3),
    ('warlock', 8, 3),
    ('warlock', 9, 3),
    ('warlock', 10, 4),
    ('warlock', 11, 4),
    ('warlock', 12, 4),
    ('warlock', 13, 4),
    ('warlock', 14, 4),
    ('warlock', 15, 4),
    ('warlock', 16, 4),
    ('warlock', 17, 4),
    ('warlock', 18, 4),
    ('warlock', 19, 4),
    ('warlock', 20, 4),
    ('warlock-prepared', 1, 2),
    ('warlock-prepared', 2, 3),
    ('warlock-prepared', 3, 4),
    ('warlock-prepared', 4, 5),
    ('warlock-prepared', 5, 6),
    ('warlock-prepared', 6, 7),
    ('warlock-prepared', 7, 8),
    ('warlock-prepared', 8, 9),
    ('warlock-prepared', 9, 10),
    ('warlock-prepared', 10, 10),
    ('warlock-prepared', 11, 11),
    ('warlock-prepared', 12, 11),
    ('warlock-prepared', 13, 12),
    ('warlock-prepared', 14, 12),
    ('warlock-prepared', 15, 13),
    ('warlock-prepared', 16, 13),
    ('warlock-prepared', 17, 14),
    ('warlock-prepared', 18, 14),
    ('warlock-prepared', 19, 15),
    ('warlock-prepared', 20, 15),
    ('warlock-invocations', 1, 1),
    ('warlock-invocations', 2, 3),
    ('warlock-invocations', 3, 3),
    ('warlock-invocations', 4, 3),
    ('warlock-invocations', 5, 5),
    ('warlock-invocations', 6, 5),
    ('warlock-invocations', 7, 6),
    ('warlock-invocations', 8, 6),
    ('warlock-invocations', 9, 7),
    ('warlock-invocations', 10, 7),
    ('warlock-invocations', 11, 7),
    ('warlock-invocations', 12, 8),
    ('warlock-invocations', 13, 8),
    ('warlock-invocations', 14, 8),
    ('warlock-invocations', 15, 9),
    ('warlock-invocations', 16, 9),
    ('warlock-invocations', 17, 9),
    ('warlock-invocations', 18, 10),
    ('warlock-invocations', 19, 10),
    ('warlock-invocations', 20, 10),
    ('paladin-prepared', 1, 2),
    ('paladin-prepared', 2, 3),
    ('paladin-prepared', 3, 4),
    ('paladin-prepared', 4, 5),
    ('paladin-prepared', 5, 6),
    ('paladin-prepared', 6, 6),
    ('paladin-prepared', 7, 7),
    ('paladin-prepared', 8, 7),
    ('paladin-prepared', 9, 8),
    ('paladin-prepared', 10, 8),
    ('paladin-prepared', 11, 10),
    ('paladin-prepared', 12, 10),
    ('paladin-prepared', 13, 11),
    ('paladin-prepared', 14, 11),
    ('paladin-prepared', 15, 12),
    ('paladin-prepared', 16, 12),
    ('paladin-prepared', 17, 14),
    ('paladin-prepared', 18, 14),
    ('paladin-prepared', 19, 15),
    ('paladin-prepared', 20, 15),
    ('ranger-prepared', 1, 2),
    ('ranger-prepared', 2, 3),
    ('ranger-prepared', 3, 4),
    ('ranger-prepared', 4, 5),
    ('ranger-prepared', 5, 6),
    ('ranger-prepared', 6, 6),
    ('ranger-prepared', 7, 7),
    ('ranger-prepared', 8, 7),
    ('ranger-prepared', 9, 8),
    ('ranger-prepared', 10, 8),
    ('ranger-prepared', 11, 10),
    ('ranger-prepared', 12, 10),
    ('ranger-prepared', 13, 11),
    ('ranger-prepared', 14, 11),
    ('ranger-prepared', 15, 12),
    ('ranger-prepared', 16, 12),
    ('ranger-prepared', 17, 14),
    ('ranger-prepared', 18, 14),
    ('ranger-prepared', 19, 15),
    ('ranger-prepared', 20, 15),
    ('third-caster', 3, 2),
    ('third-caster', 4, 2),
    ('third-caster', 5, 2),
    ('third-caster', 6, 2),
    ('third-caster', 7, 2),
    ('third-caster', 8, 2),
    ('third-caster', 9, 2),
    ('third-caster', 10, 3),
    ('third-caster', 11, 3),
    ('third-caster', 12, 3),
    ('third-caster', 13, 3),
    ('third-caster', 14, 3),
    ('third-caster', 15, 3),
    ('third-caster', 16, 3),
    ('third-caster', 17, 3),
    ('third-caster', 18, 3),
    ('third-caster', 19, 3),
    ('third-caster', 20, 3),
    ('third-caster-prepared', 3, 3),
    ('third-caster-prepared', 4, 4),
    ('third-caster-prepared', 5, 4),
    ('third-caster-prepared', 6, 4),
    ('third-caster-prepared', 7, 5),
    ('third-caster-prepared', 8, 6),
    ('third-caster-prepared', 9, 6),
    ('third-caster-prepared', 10, 7),
    ('third-caster-prepared', 11, 8),
    ('third-caster-prepared', 12, 8),
    ('third-caster-prepared', 13, 9),
    ('third-caster-prepared', 14, 10),
    ('third-caster-prepared', 15, 10),
    ('third-caster-prepared', 16, 11),
    ('third-caster-prepared', 17, 11),
    ('third-caster-prepared', 18, 11),
    ('third-caster-prepared', 19, 12),
    ('third-caster-prepared', 20, 13);

INSERT INTO spell_knowledge_by_level (progression_slug, class_level, knowledge_count)
SELECT progression_slug, class_level, knowledge_count
FROM _import_spell_knowledge_level_data
ON CONFLICT (progression_slug, class_level) DO UPDATE SET
    knowledge_count = EXCLUDED.knowledge_count;

CREATE TEMP TABLE _import_class_spell_knowledge_link_data (
    class_name TEXT NOT NULL,
    cantrip_progression_slug TEXT,
    prepared_progression_slug TEXT
) ON COMMIT DROP;

INSERT INTO _import_class_spell_knowledge_link_data (
    class_name, cantrip_progression_slug, prepared_progression_slug
) VALUES
    ('Wizard', 'wizard', 'wizard-prepared'),
    ('Bard', 'bard', 'bard-prepared'),
    ('Cleric', 'cleric', 'cleric-prepared'),
    ('Druid', 'druid', 'druid-prepared'),
    ('Sorcerer', 'sorcerer', 'sorcerer-prepared'),
    ('Warlock', 'warlock', 'warlock-prepared'),
    ('Paladin', NULL, 'paladin-prepared'),
    ('Ranger', NULL, 'ranger-prepared');

UPDATE class_spellcasting cs
SET
    cantrip_progression = COALESCE(data.cantrip_progression_slug, cs.cantrip_progression),
    prepared_progression_slug = data.prepared_progression_slug,
    spells_prepared_formula = CASE
        WHEN data.prepared_progression_slug IS NOT NULL THEN 'TABLE:' || data.prepared_progression_slug
        ELSE cs.spells_prepared_formula
    END
FROM classes c, _import_class_spell_knowledge_link_data data
WHERE cs.class_id = c.id
  AND c.name = data.class_name;

CREATE TEMP TABLE _import_subclass_spellcasting_data (
    class_name TEXT NOT NULL,
    subclass_name TEXT NOT NULL,
    progression_slug TEXT NOT NULL,
    spell_list_class TEXT NOT NULL,
    cantrip_progression_slug TEXT,
    prepared_progression_slug TEXT,
    notes TEXT,
    PRIMARY KEY (class_name, subclass_name)
) ON COMMIT DROP;

INSERT INTO _import_subclass_spellcasting_data (
    class_name, subclass_name, progression_slug, spell_list_class,
    cantrip_progression_slug, prepared_progression_slug, notes
) VALUES
    ('Fighter', 'Eldritch Knight', 'third', 'Wizard', 'third-caster', 'third-caster-prepared', 'Third-caster spell progression from subclass spellcasting feature.'),
    ('Rogue', 'Arcane Trickster', 'third', 'Wizard', 'third-caster', 'third-caster-prepared', 'Third-caster spell progression from subclass spellcasting feature.');

INSERT INTO subclass_spellcasting (
    subclass_id, progression_slug, spell_list_class,
    cantrip_progression_slug, prepared_progression_slug, notes
)
SELECT
    sc.id,
    data.progression_slug,
    data.spell_list_class,
    data.cantrip_progression_slug,
    data.prepared_progression_slug,
    data.notes
FROM _import_subclass_spellcasting_data data
JOIN classes c ON c.name = data.class_name
JOIN subclasses sc ON sc.class_id = c.id AND sc.name = data.subclass_name
ON CONFLICT (subclass_id) DO UPDATE SET
    progression_slug = EXCLUDED.progression_slug,
    spell_list_class = EXCLUDED.spell_list_class,
    cantrip_progression_slug = EXCLUDED.cantrip_progression_slug,
    prepared_progression_slug = EXCLUDED.prepared_progression_slug,
    notes = EXCLUDED.notes;

COMMIT;
